ColorID,H,S,L,LegacyMapColorID,OriginalMapRGB
1,0,25,75,1,"rgb(207, 175, 175)"
2,0,50,75,2,"rgb(223, 159, 159)"
3,0,75,75,3,"rgb(239, 143, 143)"
4,0,100,75,4,"rgb(255, 128, 128)"
5,0,25,50,5,"rgb(159, 96, 96)"
6,0,50,50,6,"rgb(191, 64, 64)"
7,0,75,50,7,"rgb(223, 32, 32)"
8,0,100,50,8,"rgb(255, 0, 0)"
9,0,100,25,13,"rgb(207, 191, 175)"
10,0,75,25,12,"rgb(128, 0, 0)"
11,0,50,25,11,"rgb(112, 16, 16)"
12,0,25,25,10,"rgb(96, 32, 32)"
13,30,25,75,13,"rgb(207, 191, 175)"
14,30,50,75,14,"rgb(223, 191, 159)"
15,30,75,75,15,"rgb(239, 191, 143)"
16,30,100,75,16,"rgb(255, 191, 128)"
17,30,25,50,17,"rgb(159, 128, 96)"
18,30,50,50,18,"rgb(191, 128, 64)"
19,30,75,50,19,"rgb(223, 128, 32)"
20,30,100,50,20,"rgb(255, 128, 0)"
21,30,100,25,25,"rgb(207, 207, 175)"
22,30,75,25,24,"rgb(128, 64, 0)"
23,30,50,25,23,"rgb(112, 64, 16)"
24,30,25,25,22,"rgb(96, 64, 32)"
25,60,25,75,25,"rgb(207, 207, 175)"
26,60,50,75,26,"rgb(223, 223, 159)"
27,60,75,75,27,"rgb(239, 239, 143)"
28,60,100,75,28,"rgb(255, 255, 128)"
29,60,25,50,29,"rgb(159, 159, 96)"
30,60,50,50,30,"rgb(191, 191, 64)"
31,60,75,50,31,"rgb(223, 223, 32)"
32,60,100,50,32,"rgb(255, 255, 0)"
33,60,100,25,37,"rgb(191, 207, 175)"
34,60,75,25,36,"rgb(128, 128, 0)"
35,60,50,25,35,"rgb(112, 112, 16)"
36,60,25,25,34,"rgb(96, 96, 32)"
37,90,25,75,37,"rgb(191, 207, 175)"
38,90,50,75,38,"rgb(191, 223, 159)"
39,90,75,75,39,"rgb(191, 239, 143)"
40,90,100,75,40,"rgb(191, 255, 128)"
41,90,25,50,41,"rgb(128, 159, 96)"
42,90,50,50,42,"rgb(128, 191, 64)"
43,90,75,50,43,"rgb(128, 223, 32)"
44,90,100,50,44,"rgb(128, 255, 0)"
45,90,100,25,49,"rgb(175, 207, 175)"
46,90,75,25,48,"rgb(64, 128, 0)"
47,90,50,25,47,"rgb(64, 112, 16)"
48,90,25,25,46,"rgb(64, 96, 32)"
49,120,25,75,49,"rgb(175, 207, 175)"
50,120,50,75,50,"rgb(159, 223, 159)"
51,120,75,75,51,"rgb(143, 239, 143)"
52,120,100,75,52,"rgb(128, 255, 128)"
53,120,25,50,53,"rgb(96, 159, 96)"
54,120,50,50,54,"rgb(64, 191, 64)"
55,120,75,50,55,"rgb(32, 223, 32)"
56,120,100,50,56,"rgb(0, 255, 0)"
57,120,100,25,61,"rgb(175, 207, 191)"
58,120,75,25,60,"rgb(0, 128, 0)"
59,120,50,25,59,"rgb(16, 112, 16)"
60,120,25,25,58,"rgb(32, 96, 32)"
61,150,25,75,61,"rgb(175, 207, 191)"
62,150,50,75,62,"rgb(159, 223, 191)"
63,150,75,75,63,"rgb(143, 239, 191)"
64,150,100,75,64,"rgb(128, 255, 191)"
65,150,25,50,65,"rgb(96, 159, 128)"
66,150,50,50,66,"rgb(64, 191, 128)"
67,150,75,50,67,"rgb(32, 223, 128)"
68,150,100,50,68,"rgb(0, 255, 128)"
69,150,100,25,73,"rgb(175, 207, 207)"
70,150,75,25,72,"rgb(0, 128, 64)"
71,150,50,25,71,"rgb(16, 112, 64)"
72,150,25,25,70,"rgb(32, 96, 64)"
73,180,25,75,73,"rgb(175, 207, 207)"
74,180,50,75,74,"rgb(159, 223, 223)"
75,180,75,75,75,"rgb(143, 239, 239)"
76,180,100,75,76,"rgb(128, 255, 255)"
77,180,25,50,77,"rgb(96, 159, 159)"
78,180,50,50,78,"rgb(64, 191, 191)"
79,180,75,50,79,"rgb(32, 223, 223)"
80,180,100,50,80,"rgb(0, 255, 255)"
81,180,100,25,85,"rgb(175, 191, 207)"
82,180,75,25,84,"rgb(0, 128, 128)"
83,180,50,25,83,"rgb(16, 112, 112)"
84,180,25,25,82,"rgb(32, 96, 96)"
85,210,25,75,85,"rgb(175, 191, 207)"
86,210,50,75,86,"rgb(159, 191, 223)"
87,210,75,75,87,"rgb(143, 191, 239)"
88,210,100,75,88,"rgb(128, 191, 255)"
89,210,25,50,89,"rgb(96, 128, 159)"
90,210,50,50,90,"rgb(64, 128, 191)"
91,210,75,50,91,"rgb(32, 128, 223)"
92,210,100,50,92,"rgb(0, 128, 255)"
93,210,100,25,97,"rgb(175, 175, 207)"
94,210,75,25,96,"rgb(0, 64, 128)"
95,210,50,25,95,"rgb(16, 64, 112)"
96,210,25,25,94,"rgb(32, 64, 96)"
97,240,25,75,97,"rgb(175, 175, 207)"
98,240,50,75,98,"rgb(159, 159, 223)"
99,240,75,75,99,"rgb(143, 143, 239)"
100,240,100,75,100,"rgb(128, 128, 255)"
101,240,25,50,101,"rgb(96, 96, 159)"
102,240,50,50,102,"rgb(64, 64, 191)"
103,240,75,50,103,"rgb(32, 32, 223)"
104,240,100,50,104,"rgb(0, 0, 255)"
105,240,100,25,109,"rgb(191, 175, 207)"
106,240,75,25,108,"rgb(0, 0, 128)"
107,240,50,25,107,"rgb(16, 16, 112)"
108,240,25,25,106,"rgb(32, 32, 96)"
109,270,25,75,109,"rgb(191, 175, 207)"
110,270,50,75,110,"rgb(191, 159, 223)"
111,270,75,75,111,"rgb(191, 143, 239)"
112,270,100,75,112,"rgb(191, 128, 255)"
113,270,25,50,113,"rgb(128, 96, 159)"
114,270,50,50,114,"rgb(128, 64, 191)"
115,270,75,50,115,"rgb(128, 32, 223)"
116,270,100,50,116,"rgb(128, 0, 255)"
117,270,100,25,121,"rgb(207, 175, 207)"
118,270,75,25,120,"rgb(64, 0, 128)"
119,270,50,25,119,"rgb(64, 16, 112)"
120,270,25,25,118,"rgb(64, 32, 96)"
121,300,25,75,121,"rgb(207, 175, 207)"
122,300,50,75,122,"rgb(223, 159, 223)"
123,300,75,75,123,"rgb(239, 143, 239)"
124,300,100,75,124,"rgb(255, 128, 255)"
125,300,25,50,125,"rgb(159, 96, 159)"
126,300,50,50,126,"rgb(191, 64, 191)"
127,300,75,50,127,"rgb(223, 32, 223)"
128,300,100,50,128,"rgb(255, 0, 255)"
129,300,100,25,133,"rgb(207, 175, 191)"
130,300,75,25,132,"rgb(128, 0, 128)"
131,300,50,25,131,"rgb(112, 16, 112)"
132,300,25,25,130,"rgb(96, 32, 96)"
133,330,25,75,133,"rgb(207, 175, 191)"
134,330,50,75,134,"rgb(223, 159, 191)"
135,330,75,75,135,"rgb(239, 143, 191)"
136,330,100,75,136,"rgb(255, 128, 191)"
137,330,25,50,137,"rgb(159, 96, 128)"
138,330,50,50,138,"rgb(191, 64, 128)"
139,330,75,50,139,"rgb(223, 32, 128)"
140,330,100,50,140,"rgb(255, 0, 128)"
141,330,100,25,145,"rgb(255, 255, 255)"
142,330,75,25,144,"rgb(128, 0, 64)"
143,330,50,25,143,"rgb(112, 16, 64)"
144,330,25,25,142,"rgb(96, 32, 64)"
145,0,0,100,145,"rgb(255, 255, 255)"
146,0,0,80,146,"rgb(204, 204, 204)"
147,0,0,60,147,"rgb(153, 153, 153)"
148,0,0,40,148,"rgb(102, 102, 102)"
149,0,0,20,149,"rgb(51, 51, 51)"
150,0,0,0,150,"rgb(0, 0, 0)"
